tvil_hotel_id,name,rooms_num,free_rooms_amount,max_capacity,available_rooms_percent,date,min_price
1435824,"Гостиница ""Ангара""",300,6,12,2.0,2026-02-24,0.00
906031,"Гостиница ""Matreshka""",35,2,5,5.71,2026-02-24,0.00
1434513,"Парк отель ""Байкал""",9,12,40,133.33,2026-02-24,3500.00
1265180,"Отель ""Байкал Бизнес Центр""",59,1,3,1.69,2026-02-24,0.00
1296851,"Гостиница ""Русь""",56,4,10,7.14,2026-02-24,0.00
1328740,"Гостиница ""На Звездинской""",30,7,13,23.33,2026-02-24,5000.00
1845315,"Апарт -отель ""BaikalStory """,10,1,6,10.0,2026-02-24,0.00
1889753,"Мини-отель ""Проспект""",4,1,4,25.0,2026-02-24,0.00
1009170,"Апарт-отель ""Sokolov Hotel""",30,10,38,33.33,2026-02-24,0.00
1298063,"Бутик-отель ""География""",12,1,1,8.33,2026-02-24,0.00
1064267,Мини-отель «Nice People»,6,1,2,16.67,2026-02-24,0.00
1000539,"Отель ""Маяк""",75,6,13,8.0,2026-02-24,0.00
946962,"Отель ""Лотос""",21,1,4,4.76,2026-02-24,0.00
1390225,"Гостиница ""Добрый Кот""",10,5,14,50.0,2026-02-24,0.00
1690094,Гостиница Олимпиада,25,8,14,32.0,2026-02-24,1700.00
1609403,"Отель ""Иркут""",30,14,26,46.67,2026-02-24,0.00
1491765,"Гостиница ""130Hotel""",12,2,4,16.67,2026-02-24,0.00
1487384,"Парк отель ""Уюга""",58,8,30,13.79,2026-02-24,4500.00
1367731,"Отель ""Яковлевъ""",25,5,12,20.0,2026-02-24,0.00
1892012,"Отель ""Подлеморье""",14,2,4,14.29,2026-02-24,0.00
1265779,"Отель ""Клубный Квартал""",48,0,0,0.0,2026-02-24,0.00
1287498,"Парк-отель ""Соболинка""",33,0,0,0.0,2026-02-24,0.00
1462849,"Гостиница ""7 дорог""",19,0,0,0.0,2026-02-24,0.00
1913029,"Отель ""Точка Байкала""",38,2,8,5.26,2026-02-24,0.00
1276636,"Парк-отель ""Бурдугуз""",69,5,15,7.25,2026-02-24,19500.00
1367592,"Отель ""Атлас""",28,3,7,10.71,2026-02-24,0.00
1472664,"Гостиница ""Байкал Форест""",76,7,19,9.21,2026-02-24,9300.00
895518,"Гостиница ""Космос""",16,6,21,37.5,2026-02-24,0.00
424345,"Гостиничный комплекс ""Лазурный берег""",66,0,0,0.0,2026-02-24,0.00
904225,"Отель ""Михаил Строгов""",21,0,0,0.0,2026-02-24,0.00
1467982,Гостиница,5,3,5,60.0,2026-02-24,1500.00
1490199,Отель «Альпари»,10,3,8,30.0,2026-02-24,0.00
1508283,"Гостиница"" Аврора""",7,2,4,28.57,2026-02-24,0.00
1382100,"Гостиница ""У Истока""",24,4,8,16.67,2026-02-24,3400.00
1314294,"Гостиница ""Ангара-Приоритет""",31,0,0,0.0,2026-02-24,0.00
1048431,"Гостиница ""Usadba 50 ( Усадьба 50)""",15,6,10,40.0,2026-02-24,0.00
1296594,"Отель ""Тайга""",44,0,0,0.0,2026-02-24,0.00
1655828,"Апарт-отель ""Светлый""",6,4,8,66.67,2026-02-24,4500.00
1775519,"Гостиница ""Nord Star Hotel""",12,0,0,0.0,2026-02-24,
425543,"Отель ""Звезда""",64,6,14,9.38,2026-02-24,0.00
2063101,"Гостиница ""Азия-Европа""",19,8,16,42.11,2026-02-24,0.00
1632075,"Отель"" Арбат""",11,1,1,9.09,2026-02-24,0.00
1851647,"Парк-Отель ""Шелест""",8,4,8,50.0,2026-02-24,5000.00
1441288,Отель Армат 4*,40,0,0,0.0,2026-02-24,0.00
1097942,Hotel Olhon 2*,28,1,3,3.57,2026-02-24,0.00
1450305,Дача БайкалЭко,10,2,4,20.0,2026-02-24,22000.00
1390108,"Гостиница  ""Воробьевы горы""",11,3,11,27.27,2026-02-24,0.00
1785783,"Отель ""Белый Берег""",5,4,16,80.0,2026-02-24,9500.00
1343236,"Бутик-отель ""Аристократ""",12,0,0,0.0,2026-02-24,0.00
898794,"Бутик-отель ""Marussia""",14,0,0,0.0,2026-02-24,0.00
767249,"Отель ""Купеческий Дворъ""",14,1,3,7.14,2026-02-24,0.00
1129766,"Доходный дом ""М.А. Листратовой""",15,0,0,0.0,2026-02-24,0.00
1378154,"Гостиница ""Байкал - Северное море""",120,10,26,8.33,2026-02-24,0.00
1802586,"Гостиница ""BAIKAL VIEW""",99,0,0,0.0,2026-02-24,0.00
1979910,"Отель""NUUR HOTEL""",28,0,0,0.0,2026-02-24,0.00
1899852,Отель «Байкал-Аляска»,24,0,0,0.0,2026-02-24,0.00
1993192,"Парк-отель ""Алтан""",21,0,0,0.0,2026-02-24,0.00
1345611,Гостиница,29,0,0,0.0,2026-02-24,0.00
1335449,Отель Амурский,17,1,4,5.88,2026-02-24,0.00
2036706,"Отель ""Магистраль""",21,6,18,28.57,2026-02-24,0.00
1367536,"Отель ""Санаторий Солнечный""",125,4,8,3.2,2026-02-24,4350.00
2032078,Гостиница «Усадьба Егорова»,10,1,2,10.0,2026-02-24,0.00
